Gene,Channel
ACTG2,TTGTAG
APLNR,CTAGCA
APOD,GAAGTG
ARHGDIB,AGTCTA
ASPN,ATCGGG
BTC,CTGACA
C1QA,TGTTCT
C1QC,CAAATA
CAPS,GGCCGT
CAV1,AGCTTA
CAVIN2,ACCAGG
CCL21,AAACTC
CCN3,AGCCAC
CHODL,TGCAAG
CHRND,GACTAT
CKB,ATGCCA
CLDN11,GGAATA
CLDN4,ACGTCC
CLU,AACAGA
COL14A1,CTCTAT
COL2A1,CCCACG
COL9A2,GAGAAC
COMP,AGGAAC
CXCL14,ACCCAG
DES,ATTACG
DSC2,GCCGTG
EGFL6,TCCTCA
ELN,AATTAG
EMCN,ACAACG
EMX2,GGGTCA
F13A1,TACGCA
FGFBP2,TCGAAC
FRZB,GTCACT
FST,TCTCGG
GAS2,CACCGA
GFRA3,TCAGGT
GPNMB,CGATTA
HBZ,ACTGCC
HEMGN,GCGCTG
HMBS,AGAGAC
HMGA1,TTCCTA
KCNJ8,GTACTA
KERA,TAGCAT
KRT19,GCTAAT
MATN1,CCACGT
MATN3,CGGCCA
MATN4,TTTGAG
MEF2C,GTTTAG
MEOX2,GCATTA
MPZ,TGGGAG
MSC,AAGGTC
MYF5,CTTCTG
MYH11,GTGGCA
MYH3,CGCGCA
MYOD1,ATATGC
MYOG,CCGGTA
NGFR,CGTATA
NNAT,TATACG
NOTCH4,GGTGCA
NR2F2,TCGTTA
NSG1,GACCCA
PAX3,ACGCGC
PIM1,GCAGGC
PITX2,TGAGCT
PLN,GTATTG
PLP2,CCTAGC
PLVAP,AGTTGT
PRND,CGAACA
S100A10,GAACAA
SCRG1,CAGAGA
SEMA3B,TGCACC
SFRP1,CACGCG
SFRP2,ACGTGG
SLN,ACAGAG
SPON2,CAAAGT
SST,CTTTAA
TACSTD2,CTGCAG
TAGLN,ATACCC
THBS4,CCCTAG
TNMD,AAGAAT
TPPP3,CAACGG
TTN,GATAAG
UCMA,TGGATC
ABI3BP,GATCGG
CSRP2,TGACCC
CTSC,CATGCC
HBQ1,CAGTCC
MT1G,TAATCG
STAC3,ACGGTG
TWIST2,TGAAAC
